{
  "hash": "3241b46b",
  "configHash": "5264503c",
  "lockfileHash": "518c9821",
  "browserHash": "7656e2ff",
  "optimized": {
    "@angular/core": {
      "src": "../../../../../node_modules/@angular/core/fesm2022/core.mjs",
      "file": "@angular_core.js",
      "fileHash": "741869c8",
      "needsInterop": false
    },
    "@angular/platform-browser": {
      "src": "../../../../../node_modules/@angular/platform-browser/fesm2022/platform-browser.mjs",
      "file": "@angular_platform-browser.js",
      "fileHash": "b69b3ee8",
      "needsInterop": false
    },
    "@angular/router": {
      "src": "../../../../../node_modules/@angular/router/fesm2022/router.mjs",
      "file": "@angular_router.js",
      "fileHash": "6f5d7530",
      "needsInterop": false
    }
  },
  "chunks": {
    "chunk-UEBAAGOC": {
      "file": "chunk-UEBAAGOC.js"
    },
    "chunk-KJBDP7EP": {
      "file": "chunk-KJBDP7EP.js"
    }
  }
}